"1","GO 2328","Dream house ","DreamHouse@gmail.com","814561237"
"3","LP 1425","city hardware","city1975@gmail.com","815826456"
"4","LP 1425","dream house","dreamhouse@gmail.com","711702113"
"8","GO 2328","ABC company","abc@gmail.com","774679715"
"yeshan","123"
"yeshan","123"
"wageesha","456"
"wageesha","456"
"kasun","789"
"kasun","789"
"1","GO 2328","2017-05-05","12:30","2017-05-05","14:15","155"
"2","LP 1425","2017-05-05","14:50","2017-05-05","16:48","450"
"3","LP 1425","2017-05-05","14:50","2017-05-05","16:48","450"
"4","GO 2328","2017-05-06","12:30","2017-05-06","13:35","500"
"5","GO 2328","2017-05-06","12:30","2017-05-06","13:35","500"
